{
  "$1656": {
    "Object Clipping": 0,
    "Can be jumped on": true,
    "Dies when jumped on": false,
    "Hop in/kick shell": false,
    "Disappears in cloud of smoke": false
  },
  "$1662": {
    "Sprite Clipping": 0,
    "Use shell as death frame": true,
    "Fall straight down when killed": false
  },
  "$166E": {
    "Use second graphics page": false,
    "Palette": 5,
    "Disable fireball killing": false,
    "Disable cape killing": false,
    "Disable water splash": false,
    "Don't interact with Layer 2": false
  },
  "$167A": {
    "Don't disable cliping when starkilled": false,
    "Invincible to star/cape/fire/bounce blk.": false,
    "Process when off screen": false,
    "Don't change into shell when stunned": false,
    "Can't be kicked like shell": false,
    "Process interaction with Mario every frame": false,
    "Gives power-up when eaten by yoshi": false,
    "Don't use default interaction with Mario": true
  },
  "$1686": {
    "Inedible": false,
    "Stay in Yoshi's mouth": true,
    "Weird ground behaviour": false,
    "Don't interact with other sprites": false,
    "Don't change direction if touched": false,
    "Don't turn into coin when goal passed": false,
    "Spawn a new sprite": false,
    "Don't interact with objects": false
  },
  "$190F": {
    "Make platform passable from below": false,
    "Don't erase when goal passed": false,
    "Can't be killed by sliding": false,
    "Takes 5 fireballs to kill": false,
    "Can be jumped on with upwards Y speed": false,
    "Death frame two tiles high": true,
    "Don't turn into a coin with silver POW": false,
    "Don't get stuck in walls (carryable sprites)": true
  },
  "AsmFile": "KoopaShell.asm",
  "ActLike": 4,
  "Type": 1,
  "Extra Property Byte 1": 0,
  "Extra Property Byte 2": 0,
  "Additional Byte Count (extra bit clear)": 2,
  "Additional Byte Count (extra bit set)": 4,
  "Map16": "",
  "Displays": [
    {
      "Description": "A Green Koopa.",
      "ExtraBit": false,
      "Tiles": [
        {
          "X offset": 0,
          "Y offset": -14,
          "map16 tile": 16
        },
        {
          "X offset": 0,
          "Y offset": 2,
          "map16 tile": 32
        }
      ],
      "X": 0,
      "Y": 0,
      "DisplayText": "",
      "UseText": false
    },
    {
      "Description": "A Green Shell.",
      "ExtraBit": true,
      "Tiles": [
        {
          "X offset": 0,
          "Y offset": 1,
          "map16 tile": 48
        }
      ],
      "X": 0,
      "Y": 0,
      "DisplayText": "",
      "UseText": false
    }
  ],
  "Collection": [
    {
      "Name": "Green Koopa",
      "ExtraBit": false,
      "Extra Property Byte 1": 64,
      "Extra Property Byte 2": 0,
      "Extra Property Byte 3": 0,
      "Extra Property Byte 4": 0
    },
    {
      "Name": "Green Shell (stationary)",
      "ExtraBit": true,
      "Extra Property Byte 1": 64,
      "Extra Property Byte 2": 0,
      "Extra Property Byte 3": 0,
      "Extra Property Byte 4": 0
    },
    {
      "Name": "Green Shell (stationary, Koopa inside)",
      "ExtraBit": true,
      "Extra Property Byte 1": 64,
      "Extra Property Byte 2": 0,
      "Extra Property Byte 3": 0,
      "Extra Property Byte 4": 255
    },
    {
      "Name": "Green Shell (kicked)",
      "ExtraBit": true,
      "Extra Property Byte 1": 64,
      "Extra Property Byte 2": 0,
      "Extra Property Byte 3": 46,
      "Extra Property Byte 4": 0
    },
    {
      "Name": "Disco Shell",
      "ExtraBit": true,
      "Extra Property Byte 1": 64,
      "Extra Property Byte 2": 0,
      "Extra Property Byte 3": 128,
      "Extra Property Byte 4": 0
    }
  ]
}